name,id,bangla,english,ict,physics,chemistry,main_subject,4th_subject,total
MD. ARSHIL HUSSAIN,2021000001,77,74,99,88,90,84,84,596
SHAHNEAZ SOBHAN NISHAN,2021000003,74,77,95,88,68,69,73,544
MD. FAHIM SHAHRIAR,2021000004,83,80,99,94,90,92,89,627
MD. RAGIB ANJUM,2021000006,83,77,99,94,81,90,90,614
MD. FUAD HASAN,2021000014,83,83,100,85,85,91,95,622
MRINMOY SARKAR PARTHO,2021000015,82,84,100,83,86,96,88,619
SHAMS ADITYA PRAPYA,2021000005,84,80,99,95,91,90,91,630
AFIFA ANJUM,2021000016,81,80,98,84,74,85,93,595
NASIF MAHMUD,2021000002,81,80,97,87,68,70,83,566
AKHI SIRAJ UDDIN,2021000007,77,82,99,89,86,89,87,609
SHEIKH SAMI WASIF,2021000017,65,77,100,88,79,95,83,587
MD. AZAZ ARFIN KHAN,2021000009,81,80,94,76,78,81,82,572
MD. SAFAYAT RAHMAN,2021000012,75,83,95,80,86,85,82,586
MD. MEHTABUL HASAN NION,2021000010,82,77,98,90,86,89,83,605
MAHMUD-E-REZA,2021000008,80,77,98,91,83,82,81,592
DEB PROTIM CHAKRABATTY,2021000019,76,72,98,88,69,80,72,555
OMAR FARUK RIYADH,2021000018,73,81,99,90,79,86,86,594
RATUL ROY,2021000013,84,87,100,88,90,92,87,628
F.M. SAMIUL BASIR,2021000011,0,0,0,0,0,0,0,0
MD. NAZMUL ISLAM,2021000020,75,73,92,88,77,81,81,567
SALEH MD. SAMIUL BASIR,2021000022,84,84,98,93,80,90,86,615
TAHMID FARHAN,2021000021,72,83,98,94,86,88,93,614
SOMAIYA AKTER SORONY,2021000025,79,85,99,83,82,94,84,606
MD. AFIF RAYHAN,2021000024,77,80,96,85,70,66,79,553
DEBA ISLAM,2021000023,74,80,98,73,71,88,92,576
ZEBA SAMAHA,2021000027,74,75,96,71,52,70,83,521
ABDUS SAMI,2021000026,80,75,100,86,63,90,62,556
MRITTIKA ROY,2021000028,79,85,96,90,91,94,94,629
JARIN TASNIM,2021000031,80,83,97,70,63,90,78,561
RAJANYA TRIDHA,2021000032,80,89,100,82,85,95,90,621
MUMTAHINAH AKTER APON,2021000029,76,86,96,88,74,93,91,604
MD. RIDWANUL ISLAM,2021000030,80,80,96,73,66,94,85,574
RUTBAH NAUFAT,2021000033,82,85,99,81,70,89,87,593
VASWATI ROY,2021000034,70,84,97,80,54,88,85,558
KANIZ HOMAYRA,2021000036,77,80,97,90,80,73,82,579
MD. WAHIDUZZAMAN NUR,2021000035,73,74,91,65,48,77,73,501
ASHFIKA ANJUM PROMA,2021000037,78,70,96,73,68,87,71,543
MST. BASRAT JAHAN,2021000038,84,86,100,90,90,94,95,639
NUSRAT JAHAN TONU,2021000043,78,80,99,83,76,90,95,601
RIFAH SANJIDA,2021000040,75,70,100,85,70,79,88,567
TAMANNA YASMIN TOMA,2021000041,80,75,98,74,75,81,93,576
MUNTAJIRUN TAJ ORPA,2021000042,74,86,93,66,62,80,89,550
RIFAH TASNIA,2021000039,82,80,97,88,78,93,95,613
MISUN MALIHA NOUSHIN,2021000044,73,80,94,71,56,68,78,520
MARIA NAWAR,2021000046,78,80,92,87,65,89,78,569
RAFIA AKTER,2021000045,71,80,98,84,83,79,90,585
TABASSUM ISLAM BUSHRA,2021000047,80,76,99,76,73,88,79,571
SAFIA TASNIM,2021000048,81,84,99,85,72,88,91,600
NILIMA DIPTY,2021000049,80,83,99,88,79,87,90,606
AYMAN FAIZAH,2021000051,83,84,98,86,93,96,86,626
PALLOBI MALO TITLEY,2021000050,76,71,98,68,81,81,86,561
NOOR-A-NAHARIN,2021000053,74,73,89,70,58,84,63,511
MD. REDWANUL HAQUE,2021000055,71,72,97,61,63,80,65,509
JANNATUL FERDOUS MOON,2021000054,82,72,100,84,73,85,94,590
MOST. SINTHIA,2021000056,76,80,100,85,85,88,85,599
FARJANA WAHED,2021000052,79,84,99,86,84,91,92,615
NABILA NAWREEN,2021000058,79,80,100,91,77,91,91,609
AFIYA SIDDIQUE LUBNA,2021000057,78,80,100,91,89,92,94,624
MD. MOAZ AL MAHI,2021000059,70,60,93,73,62,72,73,503
ARGHYAJIT SARKAR,2021000063,75,80,94,63,61,78,86,537
MD. ARAFAT CHOWDHURY,2021000060,67,73,96,80,61,75,83,535
SNIGDHA TABASSUM,2021000062,71,77,100,84,68,83,80,563
MD. ASHRAFUL ISLAM,2021000065,86,80,94,85,89,92,98,624
MUBINA ARA MOSTAFA,2021000064,82,87,100,91,71,92,94,617
D. M. SAMAUN-US-SAKIB,2021000066,80,83,95,85,83,84,86,596
MD. AYMAN AL ZAHERY,2021000067,78,74,94,74,65,77,83,545
JOY BASAK,2021000061,79,70,99,88,76,88,78,578
MD. RIYAD HASAN,2021000068,63,66,84,66,59,59,66,463
S. M. AKRAMUZZAMAN,2021000071,69,64,88,76,49,85,70,501
AHMUDUL HOSSAIN,2021000070,61,70,94,67,52,90,71,505
MD. TOHA ATIB,2021000069,68,82,94,69,50,83,70,516
MD. SAMMAM IBNA SUDAD,2021000073,79,73,99,94,66,94,92,597
REZWANA AFRIN,2021000074,77,67,99,83,76,88,85,575
JEBA JESMIN SNEHA,2021000084,79,71,99,76,77,93,86,581
MD. NAHID HASAN,2021000081,69,65,95,79,60,80,79,527
RAFIA NAHNA,2021000080,78,68,98,88,87,73,86,578
TAMANNA FERDOUS EMA,2021000076,76,67,99,82,75,90,87,576
JERIN YEASMIN,2021000075,73,81,97,84,76,91,90,592
DEWAN MD. OMOR FARUK,2021000072,69,63,95,84,60,91,77,539
MD. ABDULLAH AL SHAMEI,2021000083,72,77,93,62,59,76,77,516
SUMAIYA JAHAN,2021000077,81,77,99,77,71,87,89,581
DEWAN SIFAT,2021000082,82,80,96,72,70,86,82,568
SADIA ISLAM ORTHI,2021000078,82,76,98,76,72,93,82,579
RAYTA MIFTAHUL JANNAT,2021000087,78,74,82,67,60,64,74,499
MD. MAHDI AL MAHIN,2021000079,83,66,97,70,74,81,89,560
SUMAIYA BINTE SHAMS,2021000086,80,70,100,73,77,91,93,584
TASNIM TARANNUM LABONNO,2021000085,78,70,99,75,80,91,93,586
SAOTUL UMAM,2021000090,71,80,91,69,76,84,81,552
SABIHA JARIN,2021000092,79,81,98,76,82,88,93,597
MD. RATUL HASAN,2021000088,66,73,92,77,58,70,71,507
AWABIN ABID,2021000096,71,68,94,72,69,74,79,527
MD. AL-NOMAN,2021000094,79,75,96,71,63,83,84,551
NABILA HASAN TANAZ,2021000091,64,72,85,67,67,73,74,502
SIDRATUL MUNTAHA,2021000101,79,85,96,88,67,81,81,577
MST. SABIKUNNAHER PUSPO,2021000089,73,69,92,78,52,77,84,525
SUMIYA AKTHER MIM,2021000093,78,80,95,73,76,91,85,578
MST. NAFISHA ATIYA,2021000095,74,74,96,75,77,76,90,562
NUSRAT JAHAN,2021000099,81,72,98,85,61,85,83,565
ABDULLAH-AL- ROSE,2021000097,80,76,95,71,71,80,80,553
NUJHAT TASNIM BUSHRA,2021000100,80,81,99,91,80,86,79,596
NADEED ASMA TABEA,2021000098,82,85,98,76,62,84,83,570
FARHAN NADIM,2021000104,74,82,94,76,77,81,83,567
BADHON KUNDU,2021000103,77,74,95,82,71,85,79,563
MD. HADIUL ISLAM,2021000108,69,84,88,78,69,68,77,533
FAIRUJ HASANA RAISA,2021000105,80,80,91,79,68,85,89,572
MD. TOUHIDUR ROHMAN,2021000102,81,67,93,89,77,81,79,567
SADIA HAQUE TASNIM,2021000106,79,80,92,83,81,81,81,577
ESHRAT JAHAN ESHA,2021000107,70,80,88,77,58,79,70,522
SHIRAJUM MUNIRA,2021000110,74,85,82,79,66,76,66,528
NOSHIN TASNIA,2021000111,0,0,0,0,0,0,0,0
MST. FAHMIDA TASNIM SABA,2021000109,83,80,89,92,71,82,72,569
UMAMAH ISLAM,2021000114,80,82,85,73,50,71,73,514
ANTARA LABIBA,2021000112,76,89,89,83,78,86,79,580
NOSHIN TABASMUM,2021000123,84,84,89,69,67,86,61,540
ANJUMAN ARA,2021000113,85,80,89,85,64,83,73,559
MST. SUMAIYA KHATUN,2021000119,81,70,81,78,66,72,79,527
ARCHITA BISWAS,2021000118,78,83,92,89,72,81,79,574
MAIMUNA FARZANA DYUTI,2021000125,74,86,94,91,69,90,88,592
MITHILA TASNIM,2021000115,74,80,92,76,71,82,71,546
ANIKA FAIROOZ ASAD,2021000121,88,83,95,91,88,88,90,623
MAHBUBA AKTAR,2021000117,72,82,88,79,69,84,78,552
SREE PRANTO KUMAR GHOSH,2021000116,76,84,92,80,77,90,81,580
LABIBA RAHMAN,2021000120,86,81,95,90,82,94,83,611
MD. MOTAKABBIR ADNAN,2021000124,81,80,96,89,81,96,85,608
NAZIA HASAN,2021000126,82,85,91,85,75,86,87,591
MST. ARIFA ISLAM,2021000127,81,86,91,86,76,87,84,591
MOST. SANZIDA AKTER MIM,2021000122,81,84,91,87,62,86,74,565
TANHA NAFISA,2021000128,77,83,83,76,67,84,68,538
MST. MORIOM KHATUN,2021000130,81,80,91,80,65,88,74,559
MD. ASHIQUL ISLAM RUPOM,2021000131,86,82,93,78,57,81,83,560
NOSHIN JAMAL NIDHI,2021000129,80,84,85,76,59,60,75,519
AL NAFIUL ISLAM,2021000132,87,80,96,80,64,87,67,561
MD. MOSADDEK HOSSAIN,2021000133,68,83,97,90,83,97,92,610
S. M. AFIF RAHAT KABIR,2021000140,84,81,90,82,80,81,85,583
FARZANA REYA,2021000134,71,76,84,84,60,95,80,550
JUBAYER AHMED,2021000135,76,80,78,86,71,91,81,563
SYED TERMEGE HASSAN DINAR,2021000137,79,60,87,88,70,80,80,544
MST. ISRAT JAHAN MIM,2021000136,72,70,84,89,75,86,96,572
MST. JANNATUL FERDAUS RIYA,2021000139,70,80,83,44,59,50,78,464
MD. MUHATASIM MAHMUD,2021000145,57,51,59,71,55,62,67,422
MD. TASHID AKBOR,2021000138,79,80,91,79,72,83,78,562
NAFISA TABASSUM SADIA,2021000149,85,63,80,85,67,81,67,528
MST. ZANNATUL FERDOUS SHORMILA,2021000148,83,72,90,90,83,89,87,594
NABIL MUKTADIR,2021000143,79,80,95,91,81,88,87,601
MD. ABDULLAH AL MIZAN,2021000141,87,75,91,87,82,87,90,599
UMAMAH SIDDIQUA,2021000144,85,81,92,87,92,95,92,624
MD. SULTAN AHAMMED SARDAR,2021000147,84,80,93,96,83,94,91,621
ABDUL HADID,2021000146,78,76,91,97,86,85,91,604
ATIK MURSHED,2021000158,80,70,94,78,80,82,90,574
MAISHA SAJIDA,2021000142,81,80,95,93,83,95,94,621
JAKIA HOSAN,2021000150,81,81,96,93,90,92,94,627
NAFISHA TABASSUM NEHA,2021000151,82,72,85,94,82,93,79,587
ANIKA TABASSUM OYSHI,2021000153,85,75,92,94,70,92,87,595
FARIHA TASNIM BUSHRA,2021000167,81,82,95,87,76,89,86,596
IKHFA ANZUM,2021000152,83,80,95,95,69,92,92,606
SHARABAN TOHURA,2021000168,75,82,87,93,83,87,84,591
RUDRO DIP SARKER SUMIT,2021000155,78,81,92,95,85,87,96,614
ASHIKA RUSHDA,2021000169,80,77,84,91,81,87,85,585
MD. MUHAIMENUL ISLAM,2021000163,82,75,88,83,73,92,85,578
MAHMUDUN NABI,2021000162,84,84,91,88,73,93,84,597
ULFAT ZAHAN,2021000172,72,81,77,84,80,83,89,566
S. M. SAIFULLAH,2021000160,76,77,95,90,79,87,77,581
SADIA ANJUM PUSPO,2021000157,77,70,90,90,84,78,88,577
TAZKIA RAFI OHI,2021000173,80,88,82,77,71,83,78,559
RAISA JAHAN,2021000164,85,60,82,66,55,87,89,524
RAHUL KARMOKAR,2021000166,77,77,86,81,69,83,87,560
MD. ZAHIDUL ISLAM,2021000161,82,73,90,80,75,88,76,564
MST. MOHOSINA UDDIN,2021000154,68,60,67,79,60,65,63,462
SUDIPTO KUMAR SAHA TONMOY,2021000165,86,63,85,74,63,81,84,536
MAISHA ISLAM,2021000170,81,83,96,91,81,86,87,605
HUMAYRA TASNIM SNEHA,2021000156,80,73,96,94,83,96,96,618
AFRIN SULTANA ANTU,2021000159,81,77,85,73,60,76,84,536
SADIA AFRIN,2021000174,87,80,84,83,73,83,86,576
MD. REZWANUL ISLAM,2021000171,87,84,89,80,81,89,89,599
ARISHA AFRIN TISHA,2021000175,81,87,84,89,89,90,89,609
MAHMUDUR RAHMAN MOON,2021000176,81,74,92,78,86,80,85,576
PROGGA PAROMITA PRAMANIK,2021000177,84,85,91,94,94,89,94,631
MD. TAOWHIDUZZAMAN,2021000178,83,74,78,88,75,85,82,565
TASNIA NOSHIN NISHAT,2021000180,86,80,84,77,72,78,73,550
SHANZIDA ALAM MAISHA,2021000179,66,74,60,51,53,59,50,413
TASNIMA YASMIN TANNI,2021000183,82,89,90,86,77,74,87,585
TASNUBA TASNIM,2021000184,87,84,91,85,73,83,63,566
MD. RASIDUL ISLAM SAJIB,2021000185,82,83,94,89,84,79,75,586
SARKER MD. WASI TAHMID,2021000186,83,87,91,95,94,98,88,636
SAZID AHMMED,2021000182,83,70,90,96,92,86,84,601
MD. SHAFYUZZAMAN TAZ,2021000181,76,51,84,76,69,77,70,503
NAOSHIN TABASSUM,2021000187,77,60,88,68,69,81,61,504
HRIDITA CHOWDHURY,2021000188,81,70,92,75,66,79,81,544
AINUN JARIA,2021000189,85,74,89,85,73,88,86,580
MOST. SADIA ISLAM,2021000200,81,60,71,80,67,82,64,505
MAHDIN MOHAMMAD,2021000212,74,51,84,79,72,49,74,483
NUR NAZAT RUHI,2021000196,85,65,84,87,76,73,86,556
MST. ANIKA RAISHA,2021000223,74,63,84,61,64,68,70,484
SABIT BIN ALAM,2021000201,75,70,83,61,54,89,57,489
MST. JANNATUL FERDAUS,2021000192,82,70,73,77,64,79,68,513
MEHERIN BINTA HOQUE,2021000198,80,57,83,85,73,86,71,535
ARIFUL ISLAM ARIF,2021000193,85,83,71,83,59,73,81,535
MALIHA NUR-E NAZNIN,2021000190,81,73,86,71,71,72,79,533
MD. RAFIUL ISLAM,2021000214,72,50,81,78,65,80,76,502
SIRAJUM MUNIRA,2021000191,83,70,81,83,68,74,89,548
NIGAR FAHMIDA,2021000194,77,67,82,71,63,73,61,494
MD. ALIF AHSAN SIUM,2021000216,76,50,73,69,45,56,64,433
SADIA BINTE KALAM,2021000222,81,71,72,62,61,73,76,496
MST. JERIN AKTER,2021000206,78,57,78,71,63,79,57,483
MAHMUDUL HASAN,2021000199,82,64,86,76,64,64,84,520
HOMYRA JABIN,2021000195,87,77,61,72,72,70,75,514
MITALY YEASMIN,2021000203,82,68,85,68,75,85,76,539
MEEM SADAT SHAHRIAR,2021000208,74,57,78,73,70,65,78,495
MD. HASIBUL ISLAM RAZIB,2021000227,86,63,90,72,70,80,78,539
HEYA PRAMANIK,2021000209,87,57,74,86,68,66,71,509
MD. NAFIS FUAD,2021000202,86,66,95,88,84,85,92,596
RAISHA RAHMAN,2021000204,63,57,65,49,39,68,57,398
MD. RIFATH RAHMAN RUDRO,2021000219,81,60,88,72,72,82,74,529
IFTEKHAR RAHMAN,2021000233,71,80,77,83,72,87,85,555
MOST. FARHATUN NISA FARIHA,2021000224,67,54,81,90,73,76,77,518
S. M. ADIB,2021000228,81,82,84,86,67,86,86,572
MD. RAFIUL ISLAM,2021000226,75,71,84,77,67,78,78,530
NAFISA YASMIN ISLAH,2021000197,79,58,85,83,80,79,71,535
MST. UMMAY KULSUM SAFA,2021000215,81,58,86,79,72,87,69,532
MST. SHAMMI SULTANA,2021000225,83,74,88,81,80,80,64,550
DWIPTO KUMAR PK,2021000220,77,67,79,78,61,76,77,515
RIJWONA NAURIN,2021000230,80,73,87,70,75,87,68,540
FARIHA AHMED NAFISA,2021000229,80,83,91,81,78,87,79,579
SK. SAYEDA SIRAJI,2021000217,81,67,84,66,62,80,92,532
MD. SALMAN SAFI SAJIB,2021000205,74,38,64,58,50,58,67,409
JANNATUN NUR NAFSI,2021000237,81,68,74,78,66,75,55,497
MD. FIROJ HOSSAIN,2021000211,82,61,82,82,67,83,59,516
MD. TANIM SHAHREAR MARUF,2021000235,74,65,64,63,63,71,58,458
MUBASSHIRA ORTHI,2021000213,75,68,71,76,61,73,68,492
MUSADDIQUE HABIB FAHIM,2021000232,83,84,80,92,82,90,95,606
ARIK AZIZ,2021000238,52,66,43,35,30,45,50,321
KANIS SALMAN,2021000218,80,65,90,81,67,87,85,555
NIRUPOM SARKAR,2021000234,0,0,0,0,0,0,0,0
MUSFIRAT AHMED,2021000242,72,74,78,62,56,76,75,493
MST. ISRAT ZAHAN,2021000239,82,64,77,57,79,84,77,520
ANANNYA LABONY HIYA,2021000246,77,83,78,64,64,61,64,491
FARIHA ANJUM,2021000210,83,62,85,74,67,68,89,528
SANJIDA AKTAR,2021000221,83,48,87,61,71,82,75,507
MRITTYKA IBNAT,2021000236,68,70,66,67,58,58,68,455
RIFAH BINTA MASUD,2021000245,75,74,72,81,60,76,71,509
MST. FARJANA BARI,2021000231,0,0,0,0,0,0,0,0
MOST. ESRATH JAHAN EMU,2021000243,80,80,85,80,79,82,75,561
MD. SOHANUR RAHMAN SHOVON,2021000247,81,83,82,90,88,83,86,593
HASIN ISHRAK LABIB,2021000241,81,70,90,81,71,90,92,575
FAIZA ISLAM,2021000244,74,80,85,78,86,66,78,547
MST. OHIDA AKTAR,2021000264,71,66,73,77,67,62,76,492
RAFIA NOWSHIN ABIDA,2021000263,75,80,85,83,81,83,70,557
MISS. MUMTHARIN MOHONA,2021000248,83,75,82,80,81,79,70,550
MOST. ANIKA SARKAR,2021000253,76,64,81,70,61,67,78,497
MST. SADIYA SINTHIYA TABASSUM,2021000240,81,73,72,72,73,89,82,542
ADNAN SAKIB,2021000249,70,74,72,80,56,85,68,505
MALIHA ISLAM,2021000260,79,81,81,76,70,83,72,542
MARIUM AKTER,2021000255,88,84,87,87,90,84,77,597
UMME RADIATUZZAMAN,2021000259,90,76,81,77,79,82,88,573
KAMRUNNAHAR HAFIZA,2021000262,80,86,82,79,86,83,78,574
MD. SAGOR HOSSEN,2021000257,74,66,69,71,76,72,63,491
MST. JANNATUL MAWYA MUKTA,2021000261,77,68,64,41,49,57,52,408
SADIA NASIM CHADNI,2021000271,75,78,63,69,66,67,55,473
MOST. RAFIA MASUDAH,2021000267,66,72,81,70,62,67,66,484
SUBROTO,2021000256,73,65,82,59,54,67,72,472
IFFAT ARA,2021000250,76,83,62,79,77,82,81,540
MOST. ROSNY KHATUN,2021000254,0,0,0,0,0,0,0,0
SHAHRIN FARIHA SORME,2021000270,82,82,70,76,86,81,85,562
MOST. AYESHA KHATUN,2021000269,83,81,82,78,81,91,76,572
MAHMUDA AKTER MITU,2021000252,82,83,83,87,86,83,81,585
Atkia Samiha,2021000272,78,80,88,65,64,71,67,513
69,449
MST. SURAIYA BANU SUSMITA,2021000265,75,70,66,66,46,77,61,461
MST. MARIOM AKTER,2021000251,76,80,82,85,82,82,77,564
MD. HASNAT BILLAH,2021000258,77,70,75,72,69,73,64,500
SADIA TASNIM TONNI,2021000266,0,0,0,0,0,0,0,0
